{
  "Link Color" : {
    "Red Component" : 0.96078431606292725,
    "Color Space" : "sRGB",
    "Blue Component" : 0.86274510622024536,
    "Alpha Component" : 1,
    "Green Component" : 0.87843137979507446
  },
  "Tags" : [

  ],
  "Ansi 12 Color" : {
    "Red Component" : 0.58823531866073608,
    "Color Space" : "sRGB",
    "Blue Component" : 0.9843137264251709,
    "Alpha Component" : 1,
    "Green Component" : 0.80392158031463623
  },
  "Ansi 7 Color" : {
    "Red Component" : 0.85098040103912354,
    "Color Space" : "sRGB",
    "Blue Component" : 0.93333333730697632,
    "Alpha Component" : 1,
    "Green Component" : 0.87843137979507446
  },
  "Ansi 8 Color" : {
    "Red Component" : 0.59607845544815063,
    "Color Space" : "sRGB",
    "Blue Component" : 0.63529413938522339,
    "Alpha Component" : 1,
    "Green Component" : 0.54509806632995605
  },
  "Bold Color" : {
    "Red Component" : 0.43137255311012268,
    "Color Space" : "sRGB",
    "Blue Component" : 0.48627451062202454,
    "Alpha Component" : 1,
    "Green Component" : 0.42352941632270813
  },
  "Ansi 9 Color" : {
    "Red Component" : 0.94901961088180542,
    "Color Space" : "sRGB",
    "Blue Component" : 0.67843139171600342,
    "Alpha Component" : 1,
    "Green Component" : 0.56078433990478516
  },
  "Ansi 0 Color" : {
    "Red Component" : 0.43137255311012268,
    "Color Space" : "sRGB",
    "Blue Component" : 0.49411764740943909,
    "Alpha Component" : 1,
    "Green Component" : 0.42352941632270813
  },
  "Ansi 2 Color" : {
    "Red Component" : 0.67058825492858887,
    "Color Space" : "sRGB",
    "Blue Component" : 0.70196080207824707,
    "Alpha Component" : 1,
    "Green Component" : 0.91372549533843994
  },
  "Rows" : 50,
  "Default Bookmark" : "No",
  "Cursor Guide Color" : {
    "Red Component" : 0.70213186740875244,
    "Color Space" : "sRGB",
    "Blue Component" : 1,
    "Alpha Component" : 0.25,
    "Green Component" : 0.9268307089805603
  },
  "Non-ASCII Anti Aliased" : true,
  "Use Bright Bold" : true,
  "Ansi 10 Color" : {
    "Red Component" : 0.67058825492858887,
    "Color Space" : "sRGB",
    "Blue Component" : 0.70196080207824707,
    "Alpha Component" : 1,
    "Green Component" : 0.91372549533843994
  },
  "Use Cursor Guide" : false,
  "Icon" : 1,
  "Ambiguous Double Width" : false,
  "Jobs to Ignore" : [
    "rlogin",
    "ssh",
    "slogin",
    "telnet"
  ],
  "Show Status Bar" : true,
  "Ansi 15 Color" : {
    "Red Component" : 0.85098040103912354,
    "Color Space" : "sRGB",
    "Blue Component" : 0.93333333730697632,
    "Alpha Component" : 1,
    "Green Component" : 0.87843137979507446
  },
  "Foreground Color" : {
    "Red Component" : 0.85098040103912354,
    "Color Space" : "sRGB",
    "Blue Component" : 0.93333333730697632,
    "Alpha Component" : 1,
    "Green Component" : 0.87843137979507446
  },
  "Working Directory" : "\/Users\/edgelord",
  "Blinking Cursor" : true,
  "Disable Window Resizing" : true,
  "Sync Title" : false,
  "Prompt Before Closing 2" : false,
  "BM Growl" : true,
  "Command" : "",
  "Description" : "Default",
  "Smart Cursor Color" : true,
  "Mouse Reporting" : true,
  "Screen" : -1,
  "Selection Color" : {
    "Red Component" : 0.85098040103912354,
    "Color Space" : "sRGB",
    "Blue Component" : 0.93333333730697632,
    "Alpha Component" : 1,
    "Green Component" : 0.87843137979507446
  },
  "Columns" : 164,
  "Idle Code" : 0,
  "Ansi 13 Color" : {
    "Red Component" : 0.96078431606292725,
    "Color Space" : "sRGB",
    "Blue Component" : 0.90588235855102539,
    "Alpha Component" : 1,
    "Green Component" : 0.7607843279838562
  },
  "Custom Command" : "No",
  "ASCII Anti Aliased" : true,
  "Non Ascii Font" : "Monaco 12",
  "Vertical Spacing" : 1,
  "Use Bold Font" : true,
  "Option Key Sends" : 0,
  "Selected Text Color" : {
    "Red Component" : 0.11764705926179886,
    "Color Space" : "sRGB",
    "Blue Component" : 0.18431372940540314,
    "Alpha Component" : 1,
    "Green Component" : 0.11372549086809158
  },
  "Background Color" : {
    "Red Component" : 0.11764705926179886,
    "Color Space" : "sRGB",
    "Blue Component" : 0.18431372940540314,
    "Alpha Component" : 1,
    "Green Component" : 0.11372549086809158
  },
  "Character Encoding" : 4,
  "Ansi 11 Color" : {
    "Red Component" : 0.98039215803146362,
    "Color Space" : "sRGB",
    "Blue Component" : 0.69019609689712524,
    "Alpha Component" : 1,
    "Green Component" : 0.89019608497619629
  },
  "Use Italic Font" : true,
  "Unlimited Scrollback" : false,
  "Keyboard Map" : {
    "0xf700-0x260000" : {
      "Text" : "[1;6A",
      "Action" : 10
    },
    "0x37-0x40000" : {
      "Text" : "0x1f",
      "Action" : 11
    },
    "0x32-0x40000" : {
      "Text" : "0x00",
      "Action" : 11
    },
    "0xf709-0x20000" : {
      "Text" : "[17;2~",
      "Action" : 10
    },
    "0xf70c-0x20000" : {
      "Text" : "[20;2~",
      "Action" : 10
    },
    "0xf729-0x20000" : {
      "Text" : "[1;2H",
      "Action" : 10
    },
    "0xf72b-0x40000" : {
      "Text" : "[1;5F",
      "Action" : 10
    },
    "0xf705-0x20000" : {
      "Text" : "[1;2Q",
      "Action" : 10
    },
    "0xf703-0x260000" : {
      "Text" : "[1;6C",
      "Action" : 10
    },
    "0xf700-0x220000" : {
      "Text" : "[1;2A",
      "Action" : 10
    },
    "0xf701-0x280000" : {
      "Text" : "0x1b 0x1b 0x5b 0x42",
      "Action" : 11
    },
    "0x38-0x40000" : {
      "Text" : "0x7f",
      "Action" : 11
    },
    "0x33-0x40000" : {
      "Text" : "0x1b",
      "Action" : 11
    },
    "0xf703-0x220000" : {
      "Text" : "[1;2C",
      "Action" : 10
    },
    "0xf701-0x240000" : {
      "Text" : "[1;5B",
      "Action" : 10
    },
    "0xf70d-0x20000" : {
      "Text" : "[21;2~",
      "Action" : 10
    },
    "0xf702-0x260000" : {
      "Text" : "[1;6D",
      "Action" : 10
    },
    "0xf729-0x40000" : {
      "Text" : "[1;5H",
      "Action" : 10
    },
    "0xf706-0x20000" : {
      "Text" : "[1;2R",
      "Action" : 10
    },
    "0x34-0x40000" : {
      "Text" : "0x1c",
      "Action" : 11
    },
    "0xf700-0x280000" : {
      "Text" : "0x1b 0x1b 0x5b 0x41",
      "Action" : 11
    },
    "0x2d-0x40000" : {
      "Text" : "0x1f",
      "Action" : 11
    },
    "0xf70e-0x20000" : {
      "Text" : "[23;2~",
      "Action" : 10
    },
    "0xf702-0x220000" : {
      "Text" : "[1;2D",
      "Action" : 10
    },
    "0xf703-0x280000" : {
      "Text" : "0x1b 0x1b 0x5b 0x43",
      "Action" : 11
    },
    "0xf700-0x240000" : {
      "Text" : "[1;5A",
      "Action" : 10
    },
    "0xf707-0x20000" : {
      "Text" : "[1;2S",
      "Action" : 10
    },
    "0xf70a-0x20000" : {
      "Text" : "[18;2~",
      "Action" : 10
    },
    "0x35-0x40000" : {
      "Text" : "0x1d",
      "Action" : 11
    },
    "0xf70f-0x20000" : {
      "Text" : "[24;2~",
      "Action" : 10
    },
    "0xf703-0x240000" : {
      "Text" : "[1;5C",
      "Action" : 10
    },
    "0xf701-0x260000" : {
      "Text" : "[1;6B",
      "Action" : 10
    },
    "0xf702-0x280000" : {
      "Text" : "0x1b 0x1b 0x5b 0x44",
      "Action" : 11
    },
    "0xf72b-0x20000" : {
      "Text" : "[1;2F",
      "Action" : 10
    },
    "0x36-0x40000" : {
      "Text" : "0x1e",
      "Action" : 11
    },
    "0xf708-0x20000" : {
      "Text" : "[15;2~",
      "Action" : 10
    },
    "0xf701-0x220000" : {
      "Text" : "[1;2B",
      "Action" : 10
    },
    "0xf70b-0x20000" : {
      "Text" : "[19;2~",
      "Action" : 10
    },
    "0xf702-0x240000" : {
      "Text" : "[1;5D",
      "Action" : 10
    },
    "0xf704-0x20000" : {
      "Text" : "[1;2P",
      "Action" : 10
    }
  },
  "Window Type" : 0,
  "Blur Radius" : 15,
  "Cursor Boost" : 0,
  "Initial Text" : "",
  "Blur" : true,
  "Badge Color" : {
    "Red Component" : 0.90980392694473267,
    "Color Space" : "sRGB",
    "Blue Component" : 0.68627452850341797,
    "Alpha Component" : 0.5,
    "Green Component" : 0.63529413938522339
  },